# ATA015_esperado.csv | ATA015 · T1114.003 Email Forwarding Rule | TFG HIDS · Fase 3 (ampliacion, tanda A)
# Redactado el 2026-09-29 con los datos del paso 0, ANTES de ver ninguna alerta.
# Gate humano: APROBADO 2026-09-29 (validacion humana)
# Esquema: senal_id,tipo,campo,patron,dato_componente,tecnica,nota
# Convencion H4: cada senal audit_exe se acompana de audit_cwd de la carpeta del ataque.
# La tecnica ESCRIBE la regla de reenvio (persistencia) en /home/angel/lab-legit (VIGILADO
#   con -w ... -p wa): la CREACION genera evento watch (80790/80781/80782) = EFECTO del
#   ataque -> se declara AMBIGUA (acotada por rule_id) -> dudosa -> veredicto `artefacto`.
#   La deteccion declarada es el execve de la herramienta que crea/copia la regla.
senal_id,tipo,campo,patron,dato_componente,tecnica,nota
T1114.003-S1,deteccion,audit_exe,cat,Process Creation,T1114.003,creacion de la regla de reenvio (.forward/.procmailrc) (execve 80792)
T1114.003-S2,deteccion,audit_exe,cp,Process Creation,T1114.003,copia de la regla de reenvio a la carpeta del ataque
T1114.003-S3,deteccion,audit_exe,grep,Process Creation,T1114.003,lectura/verificacion de la regla de reenvio
T1114.003-S4,deteccion,audit_cwd,/home/angel/lab-attack/ATA015/*,Process Creation,T1114.003,ancla H4 (cwd del ataque)
T1114.003-A1,ambigua,rule_id,80790,File Creation,T1114.003,creacion de la regla bajo watch en lab-legit (efecto del ataque)
T1114.003-A2,ambigua,rule_id,80781,File Modification,T1114.003,escritura bajo watch en lab-legit
T1114.003-A3,ambigua,rule_id,80782,File Modification,T1114.003,escritura sobre el directorio vigilado lab-legit
