# ATA021_esperado.csv | ATA021 · T1029 Scheduled Transfer | TFG HIDS · Fase 3 (ampliacion, tanda B)
# Redactado el 2026-09-29 con los datos del paso 0, ANTES de ver ninguna alerta.
# Gate humano: APROBADO 2026-09-29 (validacion humana)
# Esquema: senal_id,tipo,campo,patron,dato_componente,tecnica,nota
# Convencion H4: cada senal audit_exe se acompana de audit_cwd de la carpeta del ataque.
# El proceso principal corre con cwd=/home/angel/lab-attack/ATA021 (NO vigilado) -> execve.
# La PERSISTENCIA (fichero /var/spool/cron/crontabs/angel) NO esta vigilado por auditd/FIM
#   -> NO genera evento (hallazgo: capa de persistencia de cron ciega). No hay senales ambigua
#   de fichero porque el HIDS no las produce.
# La capa syslog/journald de cron NO alerta: las reglas 2830-2834 no casan el program_name=CRON
#   y las PAM del cron:session (5521/5522) son nivel 0 (ver C0 ATA021). La deteccion es el execve.
# El lanzador `/bin/sh` (dash) de cron corre con cwd=$HOME (fuera de la carpeta): se declara
#   AMBIGUA (contexto del ataque, NO deteccion) -> dudosa -> veredicto humano (artefacto/ruido).
senal_id,tipo,campo,patron,dato_componente,tecnica,nota
T1029-S1,deteccion,audit_exe,crontab,Process Creation,T1029,programacion del job de transferencia (instalar/retirar la entrada de cron; execve 80792)
T1029-S2,deteccion,audit_exe,curl,Process Creation,T1029,transferencia programada ejecutada por cron (cwd anclado; execve 80792)
T1029-S3,deteccion,audit_cwd,/home/angel/lab-attack/ATA021/*,Process Creation,T1029,ancla H4 (cwd del ataque)
T1029-A1,ambigua,audit_exe,dash,Process Creation,T1029,lanzador /bin/sh de cron (cwd=$HOME); contexto del ataque -> dudosa -> veredicto humano
