# ATA038_rev2-Revision.csv | TFG HIDS - Fase 3 A2.1 (R-09/R-13) | ata=ATA038 iter=2 | modo=ataque | alerta=Dataset/Ataques/Resultados/Wazuh/linux/CSV/ATA038_rev2-Detalle.csv sha256=a2284b24d2392130426abea662926f634b5a763d1863aa70ce04dde4d2589685 | catalogo=Dataset/Legitimo/ruleids_legitimos.csv sha256=388dce2f0a3c51e8dcb5583a393a25d4b9483e35881701817bc1d3bd41561be8 | esperado=Dataset/Ataques/Comandos/T1529-System_Shutdown_Reboot/ATA038_esperado_rev.csv sha256=e3761ae2496f2f85ddf5c0039748627019c2b929dce793137d8b3019897ceb65 | conteos: filas=2883 deteccion=12 auto_ruido=2371 ruido_conocido=483 dudosa=11 artefacto_ataque=6 | columnas: ata_id,iter,timestamp_utc,agent_name,rule_id,rule_level,rule_groups,rs_origen,rule_description,categoria,motivo,atribucion,revision,veredicto_humano,evidencia
ata_id,iter,timestamp_utc,agent_name,rule_id,rule_level,rule_groups,rs_origen,rule_description,categoria,motivo,atribucion,revision,veredicto_humano,evidencia,veredicto,nota,revisor,fecha
ATA038,2,2026-10-01T22:12:25.053Z,victima-linux,80792,3,audit|audit_command,RS2,Audit: Command: /usr/bin/systemctl.,dudosa,sin_ancla:T1529-S1,T1529|Process Creation,pendiente,,audit_cwd=/home/angel,ruido,"fila ajena a la deteccion: 80792 systemctl con cwd=/home/angel (churn de la sesion del operador, no anclable al ataque); criterio ratificado 2026-09-28",executor fase-03-repeticiones,2026-10-01
ATA038,2,2026-10-01T22:12:25.055Z,victima-linux,80792,3,audit|audit_command,RS2,Audit: Command: /usr/bin/systemctl.,dudosa,sin_ancla:T1529-S1,T1529|Process Creation,pendiente,,audit_cwd=/home/angel,ruido,"fila ajena a la deteccion: 80792 systemctl con cwd=/home/angel (churn de la sesion del operador, no anclable al ataque); criterio ratificado 2026-09-28",executor fase-03-repeticiones,2026-10-01
ATA038,2,2026-10-01T22:12:25.065Z,victima-linux,80792,3,audit|audit_command,RS2,Audit: Command: /usr/bin/systemctl.,dudosa,sin_ancla:T1529-S1,T1529|Process Creation,pendiente,,audit_cwd=/home/angel,ruido,"fila ajena a la deteccion: 80792 systemctl con cwd=/home/angel (churn de la sesion del operador, no anclable al ataque); criterio ratificado 2026-09-28",executor fase-03-repeticiones,2026-10-01
ATA038,2,2026-10-01T22:12:34.959Z,victima-linux,80792,3,audit|audit_command,RS2,Audit: Command: /usr/bin/systemctl.,dudosa,sin_ancla:T1529-S1,T1529|Process Creation,pendiente,,audit_cwd=/home/angel,ruido,"fila ajena a la deteccion: 80792 systemctl con cwd=/home/angel (churn de la sesion del operador, no anclable al ataque); criterio ratificado 2026-09-28",executor fase-03-repeticiones,2026-10-01
ATA038,2,2026-10-01T22:12:34.964Z,victima-linux,80792,3,audit|audit_command,RS2,Audit: Command: /usr/bin/systemctl.,dudosa,sin_ancla:T1529-S1,T1529|Process Creation,pendiente,,audit_cwd=/home/angel,ruido,"fila ajena a la deteccion: 80792 systemctl con cwd=/home/angel (churn de la sesion del operador, no anclable al ataque); criterio ratificado 2026-09-28",executor fase-03-repeticiones,2026-10-01
ATA038,2,2026-10-01T22:13:59.451Z,victima-linux,80792,3,audit|audit_command,RS2,Audit: Command: /usr/bin/systemctl.,dudosa,sin_ancla:T1529-S1,T1529|Process Creation,pendiente,,audit_cwd=,ruido,"fila ajena a la deteccion: 80792 systemctl con cwd=/home/angel (churn de la sesion del operador, no anclable al ataque); criterio ratificado 2026-09-28",executor fase-03-repeticiones,2026-10-01
ATA038,2,2026-10-01T22:13:59.451Z,victima-linux,80792,3,audit|audit_command,RS2,Audit: Command: /usr/bin/systemctl.,dudosa,sin_ancla:T1529-S1,T1529|Process Creation,pendiente,,audit_cwd=/home/angel,ruido,"fila ajena a la deteccion: 80792 systemctl con cwd=/home/angel (churn de la sesion del operador, no anclable al ataque); criterio ratificado 2026-09-28",executor fase-03-repeticiones,2026-10-01
ATA038,2,2026-10-01T22:13:59.459Z,victima-linux,80792,3,audit|audit_command,RS2,Audit: Command: /usr/bin/systemctl.,dudosa,sin_ancla:T1529-S1,T1529|Process Creation,pendiente,,audit_cwd=/home/angel,ruido,"fila ajena a la deteccion: 80792 systemctl con cwd=/home/angel (churn de la sesion del operador, no anclable al ataque); criterio ratificado 2026-09-28",executor fase-03-repeticiones,2026-10-01
ATA038,2,2026-10-01T22:13:59.974Z,victima-linux,80792,3,audit|audit_command,RS2,Audit: Command: /usr/bin/systemctl.,dudosa,sin_ancla:T1529-S1,T1529|Process Creation,pendiente,,audit_cwd=/home/angel,ruido,"fila ajena a la deteccion: 80792 systemctl con cwd=/home/angel (churn de la sesion del operador, no anclable al ataque); criterio ratificado 2026-09-28",executor fase-03-repeticiones,2026-10-01
ATA038,2,2026-10-01T22:14:09.338Z,victima-linux,80792,3,audit|audit_command,RS2,Audit: Command: /usr/bin/systemctl.,dudosa,sin_ancla:T1529-S1,T1529|Process Creation,pendiente,,audit_cwd=/home/angel,ruido,"fila ajena a la deteccion: 80792 systemctl con cwd=/home/angel (churn de la sesion del operador, no anclable al ataque); criterio ratificado 2026-09-28",executor fase-03-repeticiones,2026-10-01
ATA038,2,2026-10-01T22:14:09.346Z,victima-linux,80792,3,audit|audit_command,RS2,Audit: Command: /usr/bin/systemctl.,dudosa,sin_ancla:T1529-S1,T1529|Process Creation,pendiente,,audit_cwd=/home/angel,ruido,"fila ajena a la deteccion: 80792 systemctl con cwd=/home/angel (churn de la sesion del operador, no anclable al ataque); criterio ratificado 2026-09-28",executor fase-03-repeticiones,2026-10-01
