# ATA024_esperado.csv | ATA024 · T1531 Account Access Removal | TFG HIDS · Fase 3 (ampliacion, tanda C)
# Redactado el 2026-09-29 con los datos del paso 0, ANTES de ver ninguna alerta.
# Gate humano: APROBADO 2026-09-29 (validacion humana)
# Esquema: senal_id,tipo,campo,patron,dato_componente,tecnica,nota
# Convencion H4: cada senal audit_exe se acompana de audit_cwd de la carpeta del ataque.
# La tecnica toca las CAPAS auth/PAM/syslog y los FICHEROS DE CUENTAS: las escrituras
#   sobre /etc (watch auditd -w /etc -p wa, key audit-wazuh-w) son el EFECTO del ataque
#   -> se declaran AMBIGUA acotadas por rule_id (80790 creacion / 80781/80782 modificacion).
#   La deteccion declarada es el execve de las herramientas de gestion de cuentas.
# OJO: el agente NO recolecta /var/log/auth.log (sus localfiles son journald + audit +
#   dpkg + active-responses); las reglas syslog 5902/5903 (`new user`/`delete user`) NO
#   se declaran -> si saltaran, serian `novel` (no declarado) y se reportarian como anexo.
senal_id,tipo,campo,patron,dato_componente,tecnica,nota
T1531-S1,deteccion,audit_exe,useradd,Process Creation,T1531,creacion del usuario desechable (execve 80792)
T1531-S2,deteccion,audit_exe,userdel,Process Creation,T1531,eliminacion del usuario desechable (execve 80792)
T1531-S3,deteccion,audit_exe,passwd,Process Creation,T1531,bloqueo de la contrasena del usuario (execve 80792)
T1531-S4,deteccion,audit_cwd,/home/angel/lab-attack/ATA024/*,Process Creation,T1531,ancla H4 (cwd del ataque)
T1531-A1,ambigua,rule_id,80790,File Creation,T1531,creacion de fichero bajo el watch de /etc (efecto del ataque)
T1531-A2,ambigua,rule_id,80781,File Modification,T1531,escritura bajo el watch de /etc (efecto del ataque)
T1531-A3,ambigua,rule_id,80782,File Modification,T1531,escritura sobre el directorio /etc vigilado (efecto del ataque)
