# ATA005_esperado.csv | ATA005 · T1561 Disk Wipe | TFG HIDS · Fase 3 (escalado, tanda A)
# Redactado el 2026-09-28 con los datos del paso 0, ANTES de ver ninguna alerta.
# Gate humano (tanda A): APROBADO 2026-09-28 (CA1: se valida ANTES del primer t0).
# Esquema: senal_id,tipo,campo,patron,dato_componente,tecnica,nota
# Convencion H4: cada senal audit_exe se acompana de audit_cwd de la carpeta del ataque.
# El ataque vive en /home/angel/lab-attack/ATA005 (NO vigilado) -> deteccion por execve.
senal_id,tipo,campo,patron,dato_componente,tecnica,nota
T1561-S1,deteccion,audit_exe,dd,Process Creation,T1561,sobrescritura in-situ del fichero de trabajo (execve 80792)
T1561-S2,deteccion,audit_exe,shred,Process Creation,T1561,borrado seguro de un fichero pequeno
T1561-S3,deteccion,audit_cwd,/home/angel/lab-attack/ATA005/*,Process Creation,T1561,ancla H4 (cwd del ataque)
