# ATA009_esperado.csv | ATA009 · T1567 Exfiltration Over Web Service | TFG HIDS · Fase 3 (escalado, tanda B)
# Redactado el 2026-09-29 con los datos del paso 0, ANTES de ver ninguna alerta.
# Gate humano (tanda B): APROBADO 2026-09-29 (CA1: se valida ANTES del primer t0).
# Esquema: senal_id,tipo,campo,patron,dato_componente,tecnica,nota
# Convencion H4: cada senal audit_exe se acompana de audit_cwd de la carpeta del ataque.
# El proceso corre con cwd=/home/angel/lab-attack/ATA009 (NO vigilado) -> deteccion por execve.
# El EFECTO es una subida de red al receptor del HOST: NO hay escritura local vigilada
#   -> NO se declaran senales ambigua (evita el error de ATA003: ambigua amplia = churn ajeno).
senal_id,tipo,campo,patron,dato_componente,tecnica,nota
T1567-S1,deteccion,audit_exe,curl,Process Creation,T1567,cliente de subida al servicio web simulado (execve 80792); el POST lo confirma sink.log en el host
T1567-S2,deteccion,audit_cwd,/home/angel/lab-attack/ATA009/*,Process Creation,T1567,ancla H4 (cwd del ataque)
