# ATA019_esperado.csv | ATA019 · T1048.001 Symmetric Encrypted Non-C2 Protocol | TFG HIDS · Fase 3 (ampliacion, tanda B)
# Redactado el 2026-09-29 con los datos del paso 0, ANTES de ver ninguna alerta.
# Gate humano: APROBADO 2026-09-29 (validacion humana)
# Esquema: senal_id,tipo,campo,patron,dato_componente,tecnica,nota
# Convencion H4: cada senal audit_exe se acompana de audit_cwd de la carpeta del ataque.
# El proceso corre con cwd=/home/angel/lab-attack/ATA019 (NO vigilado) -> deteccion por execve.
# El EFECTO es un envio de red por TCP CRUDO (protocolo alternativo NO-HTTP) al receptor del
#   HOST -> NO hay escritura local vigilada -> NO se declaran senales ambigua.
#   La prueba del efecto la da el `sink.log` (linea TCP con el sha256 del blob CIFRADO).
senal_id,tipo,campo,patron,dato_componente,tecnica,nota
T1048.001-S1,deteccion,audit_exe,openssl,Process Creation,T1048.001,cifrado SIMETRICO (AES-256-CBC) y descifrado del dato (execve 80792); ATA008 fue la variante asimetrica
T1048.001-S2,deteccion,audit_exe,cat,Process Creation,T1048.001,volcado del blob cifrado al socket TCP crudo (execve 80792)
T1048.001-S3,deteccion,audit_cwd,/home/angel/lab-attack/ATA019/*,Process Creation,T1048.001,ancla H4 (cwd del ataque)
