# ATA020_esperado.csv | ATA020 · T1020 Automated Exfiltration | TFG HIDS · Fase 3 (ampliacion, tanda B)
# Redactado el 2026-09-29 con los datos del paso 0, ANTES de ver ninguna alerta.
# Gate humano: APROBADO 2026-09-29 (validacion humana)
# Esquema: senal_id,tipo,campo,patron,dato_componente,tecnica,nota
# Convencion H4: cada senal audit_exe se acompana de audit_cwd de la carpeta del ataque.
# El proceso corre con cwd=/home/angel/lab-attack/ATA020 (NO vigilado) -> deteccion por execve.
# El EFECTO es una exfiltracion automatizada por HTTP al receptor del HOST -> NO hay escritura
#   local vigilada -> NO se declaran senales ambigua.
#   La prueba del efecto la da el `sink.log` (una linea por fichero, con su sha256).
senal_id,tipo,campo,patron,dato_componente,tecnica,nota
T1020-S1,deteccion,audit_exe,curl,Process Creation,T1020,cliente de subida en bucle (automatizacion); una ejecucion por fichero del staging (execve 80792)
T1020-S2,deteccion,audit_cwd,/home/angel/lab-attack/ATA020/*,Process Creation,T1020,ancla H4 (cwd del ataque)
