# ATA023_esperado.csv | ATA023 · T1496.002 Bandwidth Hijacking | TFG HIDS · Fase 3 (ampliacion, tanda B)
# Redactado el 2026-09-29 con los datos del paso 0, ANTES de ver ninguna alerta.
# Gate humano: APROBADO 2026-09-29 (validacion humana)
# Esquema: senal_id,tipo,campo,patron,dato_componente,tecnica,nota
# Convencion H4: cada senal audit_exe se acompana de audit_cwd de la carpeta del ataque.
# El proceso corre con cwd=/home/angel/lab-attack/ATA023 (NO vigilado) -> deteccion por execve.
# El EFECTO es una transferencia masiva ACOTADA (32 MiB) al receptor del HOST -> NO hay
#   escritura local vigilada -> NO se declaran senales ambigua.
#   La prueba del efecto la da el `sink.log` (len=33554432). La red NO es visible al HIDS:
#   se espera deteccion SOLO por el execve (hallazgo R9: sin reglas de recursos/red).
senal_id,tipo,campo,patron,dato_componente,tecnica,nota
T1496.002-S1,deteccion,audit_exe,curl,Process Creation,T1496.002,cliente de la transferencia masiva al receptor (execve 80792)
T1496.002-S2,deteccion,audit_exe,head,Process Creation,T1496.002,generacion del flujo acotado (32 MiB) hacia curl (execve 80792)
T1496.002-S3,deteccion,audit_cwd,/home/angel/lab-attack/ATA023/*,Process Creation,T1496.002,ancla H4 (cwd del ataque)
