# ATA036_esperado.csv | ATA036 · T1565.003 Runtime Data Manipulation | TFG HIDS · Fase 3 (ampliacion-2, tanda B)
# Redactado el 2026-09-29 con los datos del paso 0, ANTES de ver ninguna alerta.
# Gate humano: APROBADO 2026-09-29 (validación humana)
# Esquema: senal_id,tipo,campo,patron,dato_componente,tecnica,nota
# Convencion H4: cada senal audit_exe se acompana de audit_cwd de la carpeta del ataque.
# El "binario real" es la herramienta de manipulacion `memedit` (ruta absoluta bajo
#   lab-attack/ATA036): la victima NO tiene compilador ni gdb, asi que el payload se
#   compila aparte y se transporta como `.b64`; aqui se ejecuta ya materializado.
# PUNTO CIEGO DECLARADO: el PTRACE y la escritura en /proc/<pid>/mem NO generan
#   telemetria con este ruleset (audit solo audita execve y escrituras de fichero):
#   el HIDS ve la HERRAMIENTA (memedit), no la manipulacion en memoria.
senal_id,tipo,campo,patron,dato_componente,tecnica,nota
T1565.003-S1,deteccion,audit_exe,/home/angel/lab-attack/ATA036/memedit,Process Creation,T1565.003,herramienta de manipulacion en memoria del proceso de laboratorio (execve 80792)
T1565.003-S2,deteccion,audit_cwd,/home/angel/lab-attack/ATA036/*,Process Creation,T1565.003,ancla H4 (cwd del ataque)
T1565.003-A1,ambigua,rule_id,80790,File Creation,T1565.003,creacion del payload/estado bajo el watch generico (efecto del ataque)
T1565.003-A2,ambigua,rule_id,80781,File Modification,T1565.003,escritura en ruta vigilada (efecto del ataque)
